﻿name,number_in_series,number_in_season,Title,original_air_date,production_code,viewers,Season
ncisla,1,1,"""Identity""","September 22, 2009",101,18.73,1
ncisla,2,2,"""The Only Easy Day""","September 29, 2009",102,17.42,1
ncisla,3,3,"""Predator""","October 6, 2009",104,16.31,1
ncisla,4,4,"""Search and Destroy""","October 13, 2009",105,15.32,1
ncisla,5,5,"""Killshot""","October 20, 2009",103,16.5,1
ncisla,6,6,"""Keepin' It Real""","November 3, 2009",106,15.29,1
ncisla,7,7,"""Pushback""","November 10, 2009",107,16.19,1
ncisla,8,8,"""Ambush""","November 17, 2009",108,14.81,1
ncisla,9,9,"""Random on Purpose""","November 24, 2009",109,17.18,1
ncisla,10,10,"""Brimstone""","December 15, 2009",110,17.36,1
ncisla,11,11,"""Breach""","January 5, 2010",111,18.07,1
ncisla,12,12,"""Past Lives""","January 12, 2010",112,15.5,1
ncisla,13,13,"""Missing""","January 26, 2010",113,17.16,1
ncisla,14,14,"""LD50""","February 2, 2010",114,16.42,1
ncisla,15,15,"""The Bank Job""","February 9, 2010",115,17.91,1
ncisla,16,16,"""Chinatown""","March 2, 2010",116,14.97,1
ncisla,17,17,"""Full Throttle""","March 9, 2010",117,16.99,1
ncisla,18,18,"""Blood Brothers""","March 16, 2010",118,15.1,1
ncisla,19,19,"""Hand-to-Hand""","April 6, 2010",119,13.79,1
ncisla,20,20,"""Fame""","April 27, 2010",120,15.62,1
ncisla,21,21,"""Found""","May 4, 2010",121,14.34,1
ncisla,22,22,"""Hunted""","May 11, 2010",122,16.04,1
ncisla,23,23,"""Burned""","May 18, 2010",123,15.23,1
ncisla,24,24,"""Callen, G.""","May 25, 2010",124,13.12,1
ncisla,25,1,"""Human Traffic""","September 21, 2010",201,15.76,2
ncisla,26,2,"""Black Widow""","September 21, 2010",202,13.6,2
ncisla,27,3,"""Borderline""","September 28, 2010",203,16.51,2
ncisla,28,4,"""Special Delivery""","October 5, 2010",204,16.15,2
ncisla,29,5,"""Little Angels""","October 12, 2010",205,16.05,2
ncisla,30,6,"""Standoff""","October 19, 2010",206,16,2
ncisla,31,7,"""Anonymous""","October 26, 2010",207,15.99,2
ncisla,32,8,"""Bounty""","November 9, 2010",208,15.61,2
ncisla,33,9,"""Absolution""","November 16, 2010",209,15.81,2
ncisla,34,10,"""Deliverance""","November 23, 2010",210,14.96,2
ncisla,35,11,"""Disorder""","December 14, 2010",211,16.82,2
ncisla,36,12,"""Overwatch""","January 11, 2011",212,18.13,2
ncisla,37,13,"""Archangel""","January 18, 2011",213,17.29,2
ncisla,38,14,"""Lockup""","February 1, 2011",214,17.7,2
ncisla,39,15,"""Tin Soldiers""","February 8, 2011",215,17.16,2
ncisla,40,16,"""Empty Quiver""","February 15, 2011",216,16.8,2
ncisla,41,17,"""Personal""","February 22, 2011",217,18.69,2
ncisla,42,18,"""Harm's Way""","March 1, 2011",218,15.67,2
ncisla,43,19,"""Enemy Within""","March 22, 2011",219,16.56,2
ncisla,44,20,"""The Job""","March 29, 2011",220,15.34,2
ncisla,45,21,"""Rocket Man""","April 12, 2011",221,15.46,2
ncisla,46,22,"""Plan B.""","May 3, 2011",222,14.16,2
ncisla,47,23,"""Imposters""","May 10, 2011",223,14.74,2
ncisla,48,24,"""Familia""","May 17, 2011",224,15.61,2
ncisla,49,1,"""Lange, H.""","September 20, 2011",301,16.71,3
ncisla,50,2,"""Cyber Threat""","September 27, 2011",302,16.26,3
ncisla,51,3,"""Backstopped""","October 4, 2011",303,14.78,3
ncisla,52,4,"""Deadline""","October 11, 2011",304,15.4,3
ncisla,53,5,"""Sacrifice""","October 18, 2011",305,15.35,3
ncisla,54,6,"""Lone Wolf""","October 25, 2011",306,15.89,3
ncisla,55,7,"""Honor""","November 1, 2011",307,15.52,3
ncisla,56,8,"""Greed""","November 8, 2011",308,15.66,3
ncisla,57,9,"""Betrayal""","November 15, 2011",309,15.15,3
ncisla,58,10,"""The Debt""","November 22, 2011",310,14.09,3
ncisla,59,11,"""Higher Power""","December 13, 2011",311,16.4,3
ncisla,60,12,"""The Watchers""","January 3, 2012",312,17.08,3
ncisla,61,13,"""Exit Strategy""","January 10, 2012",313,16.6,3
ncisla,62,14,"""Partners""","February 7, 2012",314,16.27,3
ncisla,63,15,"""Crimeleon""","February 14, 2012",315,16.15,3
ncisla,64,16,"""Blye, K.""","February 21, 2012",316,15.47,3
ncisla,65,17,"""Blye, K., Part 2""","February 28, 2012",317,15.85,3
ncisla,66,18,"""The Dragon and the Fairy""","March 20, 2012",318,16.17,3
ncisla,67,19,"""Vengeance""","March 27, 2012",319,14.75,3
ncisla,68,20,"""Patriot Acts""","April 10, 2012",320,12.86,3
ncisla,69,21,"""Touch of Death""","May 1, 2012",321,15.21,3
ncisla,70,22,"""Neighborhood Watch""","May 8, 2012",322,14.56,3
ncisla,71,23,"""Sans Voir (Part I)""","May 15, 2012",323,15.19,3
ncisla,72,24,"""Sans Voir (Part II)""","May 15, 2012",324,15.19,3
ncisla,73,1,"""Endgame""","September 25, 2012",401,16.74,4
ncisla,74,2,"""Recruit""","October 2, 2012",402,14.91,4
ncisla,75,3,"""The Fifth Man""","October 9, 2012",403,15.18,4
ncisla,76,4,"""Dead Body Politic""","October 23, 2012",404,16.53,4
ncisla,77,5,"""Out of the Past""","October 30, 2012",405,16.28,4
ncisla,78,6,"""Rude Awakenings""","November 13, 2012",406,15.77,4
ncisla,79,7,"""Skin Deep""","November 20, 2012",407,15.13,4
ncisla,80,8,"""Collateral""","November 27, 2012",408,14.49,4
ncisla,81,9,"""The Gold Standard""","December 11, 2012",409,15.12,4
ncisla,82,10,"""Free Ride""","December 18, 2012",410,15.48,4
ncisla,83,11,"""Drive""","January 8, 2013",411,17.9,4
ncisla,84,12,"""Paper Soldiers""","January 15, 2013",412,17.63,4
ncisla,85,13,"""The Chosen One""","January 29, 2013",413,17.3,4
ncisla,86,14,"""Kill House""","February 5, 2013",414,16.67,4
ncisla,87,15,"""History""","February 19, 2013",415,16.27,4
ncisla,88,16,"""Lokhay""","February 26, 2013",416,17.02,4
ncisla,89,17,"""Wanted""","March 5, 2013",417,16.24,4
ncisla,90,18,"""Red""","March 19, 2013",418,16.84,4
ncisla,91,19,"""Red-2""","March 26, 2013",419,14.53,4
ncisla,92,20,"""Purity""","April 9, 2013",420,14.1,4
ncisla,93,21,"""Resurrection""","April 23, 2013",421,14.22,4
ncisla,94,22,"""Raven & The Swans""","April 30, 2013",422,13.07,4
ncisla,95,23,"""Parley""","May 7, 2013",423,13.18,4
ncisla,96,24,"""Descent""","May 14, 2013",424,13.52,4
ncisla,97,1,"""Ascension""","September 24, 2013",501,16.35,5
ncisla,98,2,"""Impact""","October 1, 2013",502,15.09,5
ncisla,99,3,"""Omni""","October 8, 2013",503,14.84,5
ncisla,100,4,"""Reznikov, N.""","October 15, 2013",504,14.65,5
ncisla,101,5,"""Unwritten Rule""","October 22, 2013",425,14.92,5
ncisla,102,6,"""Big Brother""","October 29, 2013",506,14.95,5
ncisla,103,7,"""The Livelong Day""","November 5, 2013",505,14.76,5
ncisla,104,8,"""Fallout""","November 12, 2013",507,14.88,5
ncisla,105,9,"""Recovery""","November 19, 2013",508,14.99,5
ncisla,106,10,"""The Frozen Lake""","November 26, 2013",509,12.32,5
ncisla,107,11,"""Iron Curtain Rising""","December 10, 2013",510,15.24,5
ncisla,108,12,"""Merry Evasion""","December 17, 2013",511,15.58,5
ncisla,109,13,"""Allegiance""","January 14, 2014",512,15.87,5
ncisla,110,14,"""War Cries""","February 4, 2014",513,16.34,5
ncisla,111,15,"""Tuhon""","February 25, 2014",514,13.15,5
ncisla,112,16,"""Fish Out of Water""","March 4, 2014",515,14.37,5
ncisla,113,17,"""Between the Lines""","March 18, 2014",516,14.21,5
ncisla,114,18,"""Zero Days""","March 25, 2014",517,15.54,5
ncisla,115,19,"""Spoils of War""","April 1, 2014",518,15.31,5
ncisla,116,20,"""Windfall""","April 8, 2014",519,14.56,5
ncisla,117,21,"""Three Hearts""","April 15, 2014",520,14.69,5
ncisla,118,22,"""One More Chance""","April 29, 2014",521,14.83,5
ncisla,119,23,"""Exposure""","May 6, 2014",522,14.11,5
ncisla,120,24,"""Deep Trouble""","May 13, 2014",523,14.85,5
